AAA,AAA,AAA,AAA,AAA,AAA,AAA,AAA,AAA,AAA,AAA,AAA,AAA,AAA,AAA,AAA,AAA,AAA,AAA,AAA,AAA,AAA,AAA,AAA
AAA,,AAA,,AAA,,AAA,,AAA,,AAA,,AAA,,AAA,,AAA,,AAA,,AAA,,AAA,
AAA,AAA,AAA,AAA,AAA,AAA,AAA,AAA,AAA,AAA,AAA,AAA,AAA,AAA,AAA,AAA,AAA,AAA,AAA,AAA,AAA,AAA,AAA,AAA
AAA,,AAA,,AAA,,AAA,,AAA,,AAA,,AAA,,AAA,,AAA,,AAA,,AAA,,AAA,
AAA,AAA,AAA,AAA,AAA,AAA,AAA,AAA,AAA,AAA,AAA,AAA,AAA,AAA,AAA,AAA,AAA,AAA,AAA,AAA,AAA,AAA,AAA,AAA
AAA,,AAA,,AAA,,AAA,,AAA,,AAA,,AAA,,AAA,,AAA,,AAA,,AAA,,AAA,
AAA,AAA,AAA,AAA,AAA,AAA,AAA,AAA,AAA,AAA,AAA,AAA,AAA,AAA,AAA,AAA,AAA,AAA,AAA,AAA,AAA,AAA,AAA,AAA
AAA,,AAA,,AAA,,AAA,,AAA,,AAA,,AAA,,AAA,,AAA,,AAA,,AAA,,AAA,
AAA,AAA,AAA,AAA,AAA,AAA,AAA,AAA,AAA,AAA,AAA,AAA,AAA,AAA,AAA,AAA,AAA,AAA,AAA,AAA,AAA,AAA,AAA,AAA
AAA,,AAA,,AAA,,AAA,,AAA,,AAA,,AAA,,AAA,,AAA,,AAA,,AAA,,AAA,
AAA,AAA,AAA,AAA,AAA,AAA,AAA,AAA,AAA,AAA,AAA,AAA,AAA,AAA,AAA,AAA,AAA,AAA,AAA,AAA,AAA,AAA,AAA,AAA
AAA,,AAA,,AAA,,AAA,,AAA,,AAA,,AAA,,AAA,,AAA,,AAA,,AAA,,AAA,
AAA,AAA,AAA,AAA,AAA,AAA,AAA,AAA,AAA,AAA,AAA,AAA,AAA,AAA,AAA,AAA,AAA,AAA,AAA,AAA,AAA,AAA,AAA,AAA
AAA,,AAA,,AAA,,AAA,,AAA,,AAA,,AAA,,AAA,,AAA,,AAA,,AAA,,AAA,
AAA,AAA,AAA,AAA,AAA,AAA,AAA,AAA,AAA,AAA,AAA,AAA,AAA,AAA,AAA,AAA,AAA,AAA,Con,Con,Con,Con,Con,Con
AAA,,AAA,,AAA,,AAA,,AAA,,AAA,,AAA,,AAA,,AAA,,Con,,Con,,Con,
